<?xml version="1.0" encoding="UTF-8"?>
<!DOCTYPE suite SYSTEM "http://testng.org/testng-1.0.dtd" >
<suite name="Mobile" verbose="1" thread-count="1">
	<parameter name="customer" value="RSI" />
	<parameter name="testerName" value="Gabriel" />
	<listeners>
		<listener class-name="br.com.rsinet.util.CustomEmailableReport"/>
		<listener class-name="br.com.rsinet.listener.CucumberReportListener"/>
	</listeners>
	<suite-files>
		<suite-file path="C:\Users\gabriel.sousa\Documents\POC\25_02__15_50\poc_netshoes\suites\Mobile.xml" />
	</suite-files>
</suite>