<?xml version="1.0" encoding="UTF-8"?>
<!DOCTYPE suite SYSTEM "http://testng.org/testng-1.0.dtd">
<suite name="Mobile" verbose="1" parallel="tests" thread-count="1">
	<test name="Mobile(237bfc062c8eeadbe81f4ba6232f67d2d8217eff)">
		<parameter name="password" value="Senha1234" />
		<parameter name="noReset" value="true" />
		<parameter name="port" value="8080" />
		<parameter name="platformVersion" value="" />
		<parameter name="context" value="ios" />
		<parameter name="bundleId" value="br.com.netshoesapp" />
		<parameter name="automationName" value="null" />
		<parameter name="host" value="10.1.15.10" />
		<parameter name="browserName" value="" />
		<parameter name="udid" value="237bfc062c8eeadbe81f4ba6232f67d2d8217eff" />
		<parameter name="userName" value="admin@default.com" />
		<parameter name="deviceName" value="Apple iPhone 8" />
			<classes>
				<class name="br.com.rsinet.model.mobile.connection.mobile_center.bdd.IOSMobileCenterCucumberRunner_237bfc062c8eeadbe81f4ba6232f67d2d8217eff_">
					<methods>
						<include name="feature"/>
					</methods>
				</class>
		</classes>
	</test> <!-- Test -->
</suite> <!-- Suite -->